<?xml version="1.0" encoding="windows-1252"?>
<Collection name="Twitter" guid="{EADB8DAF-CC49-404E-AEDE-71AEE9C9BFEC}" system="No" updatable="Yes" blockNavigatorNode="No">
	<HelpLink>http://support.contensive.com/Twitter-Add-on</HelpLink>
	<Help>&lt;p&gt;The Twitter Collection includes three add-ons you can use to connect your site to Twitter and one to configure the collection.&lt;/p&gt;&lt;p&gt;To add a list of tweets from a twitter account to any page, edit the page and add the &quot;Tweets&quot; add-on. View the page with Advanced Edit enable and click on the options icon (wrench). Enter the Twitter account name you want to display and hit Apply.&lt;/p&gt;&lt;p&gt;To update your twitter account, first run the Twitter Configuration add-on from the Navigator &amp;gt;&amp;gt; Manage Add-ons &amp;gt;&amp;gt; Twitter folder. Enter the username and password for the Twitter account you want to update. Then click the Group Tweeter add-on from the admin menu to add a tweet to your account. This is called a Group Tweet because once this add-on is configured, anyone with admin site access can add tweets to your account.&lt;/p&gt;&lt;p&gt;To make these admin tools more convenient, you can drag the link from the Navigator out on to the admin dashboard to make an icon. Hove over the icon and click the Open in Window tool to let them run on the dashboard when it is open.&lt;/p&gt;&lt;p&gt;To display all the tweets you are following, again run the Twitter Configuration add-on and check the box to run the Friends Timeline Processing. Periodically it will check with Twitter and download all the tweets you are following. Drop the Following Tweets add-on on a page and display this list on your site.&lt;br&gt;&lt;/p&gt;</Help>
	<Addon name="Tweet Tool" guid="{3D6E0F58-73A9-4299-AAA7-4AF12DE8C7AB}" type="Tool">
		<Copy></Copy>
		<CopyText></CopyText>
		<ActiveXProgramID><![CDATA[aoTwitter.groupTweetClass]]></ActiveXProgramID>
		<DotNetClass></DotNetClass>
		<ArgumentList></ArgumentList>
		<AsAjax>No</AsAjax>
		<Filter>No</Filter>
		<Help></Help>
		<HelpLink></HelpLink>
		<Icon Link="" width="0" height="0" sprites="0" />
		<InIframe>No</InIframe>
		<BlockEditTools>Yes</BlockEditTools>
		<FormXML></FormXML>
		<IsInline>No</IsInline>
		<JavascriptOnLoad></JavascriptOnLoad>
		<JavascriptInHead></JavascriptInHead>
		<JavascriptBodyEnd></JavascriptBodyEnd>
		<MetaDescription></MetaDescription>
		<OtherHeadTags></OtherHeadTags>
		<Content>Yes</Content>
		<Template>Yes</Template>
		<Email>No</Email>
		<Admin>Yes</Admin>
		<OnPageEndEvent>No</OnPageEndEvent>
		<OnPageStartEvent>No</OnPageStartEvent>
		<OnBodyStart>No</OnBodyStart>
		<OnBodyEnd>No</OnBodyEnd>
		<RemoteMethod>No</RemoteMethod>
		<ProcessRunOnce>No</ProcessRunOnce>
		<ProcessInterval>0</ProcessInterval>
		<PageTitle></PageTitle>
		<RemoteAssetLink></RemoteAssetLink>
		<Styles><![CDATA[


#groupTweetForm{padding:10px;}
#groupTweetForm .headline{font-weight:bold; font-size:14px;}
#twitterUserTimeline{padding-top:10px; width:500px;}
#twitterUserTimeline .profileImage{padding-right:5px; padding-left:5px;}
#twitterUserTimeline .followerMessage{padding-right:5px; padding-left:5px;}
#twitterUserTimeline .twitter_message{padding:5px; width:100%; margin-bottom:5px; border-bottom:1px solid black;}
#twitterUserTimeline .headline{padding-bottom:5px; font-weight:bold; font-size:14px;}
#twitterUserTimeline .headline A{color: #000000;}
#twitterUserTimeline .created{padding-bottom:5px;}
#twitterUserTimeline .message{padding-bottom:5px;}
#twitterUserTimeline .message A{color: #000000;}
]]></Styles>
		<Scripting Language="" EntryPoint="" Timeout="5000"/>
	</Addon>
	<Addon name="Tweets" guid="{64CFC070-A546-4ACB-85D5-F2B6935178A9}" type="Add-on">
		<Copy></Copy>
		<CopyText></CopyText>
		<ActiveXProgramID></ActiveXProgramID>
		<DotNetClass><![CDATA[Contensive.Addons.aoTwitter.userTimelineClass]]></DotNetClass>
		<ArgumentList><![CDATA[Username
Title
Follow Me Caption
Tweets to display]]></ArgumentList>
		<AsAjax>No</AsAjax>
		<Filter>No</Filter>
		<Help></Help>
		<HelpLink></HelpLink>
		<Icon Link="" width="0" height="0" sprites="0" />
		<InIframe>No</InIframe>
		<BlockEditTools>No</BlockEditTools>
		<FormXML></FormXML>
		<IsInline>No</IsInline>
		<JavascriptOnLoad></JavascriptOnLoad>
		<JavascriptInHead></JavascriptInHead>
		<JavascriptBodyEnd></JavascriptBodyEnd>
		<MetaDescription></MetaDescription>
		<OtherHeadTags></OtherHeadTags>
		<Content>Yes</Content>
		<Template>Yes</Template>
		<Email>No</Email>
		<Admin>No</Admin>
		<OnPageEndEvent>No</OnPageEndEvent>
		<OnPageStartEvent>No</OnPageStartEvent>
		<OnBodyStart>No</OnBodyStart>
		<OnBodyEnd>No</OnBodyEnd>
		<RemoteMethod>No</RemoteMethod>
		<ProcessRunOnce>No</ProcessRunOnce>
		<ProcessInterval>0</ProcessInterval>
		<PageTitle></PageTitle>
		<RemoteAssetLink></RemoteAssetLink>
		<Styles><![CDATA[.sidebar-title{}
.twitter-link{}
.twitter_div{border:1px solid #000000; background-color:#FFFFFF; padding:5px;}
div.twitter_div ul A{display:block; margin-top:3px; margin-bottom:3px;}
div.twitter_div ul{margin:0px;}
div.twitter_div {FONT-SIZE:11px;FONT-FAMILY:verdana,arial,sans-serif;}
div.twitter_div a {}
.twitter-link{}
#twitter-link_div{margin-top:10px;}
#twitter_update_list {list-style-type:none;padding:0;margin:0;}
#twitter_update_list li { margin: 5px 0 15px 0; }
#twitter_update_list li p.twitterPostedDate { margin-top: 3px; font-size: smaller; font-weight: bold }
#twitter_div h2 { margin-top: 0; }]]></Styles>
		<Scripting Language="" EntryPoint="" Timeout="5000"/>
	</Addon>
	<Addon name="Twitter Configuration" guid="{0C107FCD-B5CE-4B16-91EC-1103C5896FE0}" type="Setting">
		<Copy></Copy>
		<CopyText></CopyText>
		<ActiveXProgramID></ActiveXProgramID>
		<DotNetClass></DotNetClass>
		<ArgumentList></ArgumentList>
		<AsAjax>No</AsAjax>
		<Filter>No</Filter>
		<Help></Help>
		<HelpLink></HelpLink>
		<Icon Link="" width="0" height="0" sprites="0" />
		<InIframe>No</InIframe>
		<BlockEditTools>Yes</BlockEditTools>
		<FormXML><![CDATA[<Form>
		<Tab name="General Settings" description="General Settings for Twitter functionality">
			<Description>Settings Page for Twitter functionality</Description>
			<SiteProperty caption="Twitter Username" name="Twitter Username" Type="text"/>
			<SiteProperty caption="Twitter Password" name="Twitter Password" Type="text"/>
		</Tab>
</Form>]]></FormXML>
		<IsInline>No</IsInline>
		<JavascriptOnLoad></JavascriptOnLoad>
		<JavascriptInHead></JavascriptInHead>
		<JavascriptBodyEnd></JavascriptBodyEnd>
		<MetaDescription></MetaDescription>
		<OtherHeadTags></OtherHeadTags>
		<Content>No</Content>
		<Template>No</Template>
		<Email>No</Email>
		<Admin>Yes</Admin>
		<OnPageEndEvent>No</OnPageEndEvent>
		<OnPageStartEvent>No</OnPageStartEvent>
		<OnBodyStart>No</OnBodyStart>
		<OnBodyEnd>No</OnBodyEnd>
		<RemoteMethod>No</RemoteMethod>
		<ProcessRunOnce>No</ProcessRunOnce>
		<ProcessInterval>0</ProcessInterval>
		<PageTitle></PageTitle>
		<RemoteAssetLink></RemoteAssetLink>
		<Styles></Styles>
		<Scripting Language="" EntryPoint="" Timeout="5000"/>
	</Addon>
	<Resource name="aotwitter.dll" type="executable" path="" />
	<Resource name="curl.exe" type="executable" path="" />
	<Resource name="libeay32.dll" type="executable" path="" />
	<Resource name="libssl32.dll" type="executable" path="" />
	<Resource name="libcurl.dll" type="executable" path="" />
	<Resource name="aotwitter2.dll" type="executable" path="" />
	<Resource name="hammock.clientprofile.dll" type="executable" path="" />
	<Resource name="newtonsoft.json.dll" type="executable" path="" />
	<Resource name="tweetsharp.dll" type="executable" path="" />
</Collection>